,index,ae_rank,if_rank,lof_rank,stat_rank,flags_rank,ensemble_anomaly_rank
0,ae_rank,1.0,0.6777208688440944,0.18823016632536063,0.6167446965494078,0.31607369484582937,0.8205600088725825
1,if_rank,0.6777208688440944,1.0,0.18360491451096977,0.5683137154118172,0.25838022573400465,0.795085737500156
2,lof_rank,0.18823016632536063,0.18360491451096977,1.0,0.18986939066031097,0.09339267610827313,0.48183450164850417
3,stat_rank,0.6167446965494078,0.5683137154118172,0.18986939066031097,1.0,0.46797780278952106,0.7979676238999132
4,flags_rank,0.31607369484582937,0.25838022573400465,0.09339267610827313,0.46797780278952106,1.0,0.5029189748103053
5,ensemble_anomaly_rank,0.8205600088725825,0.795085737500156,0.48183450164850417,0.7979676238999132,0.5029189748103053,1.0
