cluster_kmeans,total_paid_mean,total_paid_median,total_paid_count,total_claims_mean,total_claims_median,total_claims_count,paid_per_claim_mean,paid_per_claim_median,paid_per_claim_count,paid_per_beneficiary_mean,paid_per_beneficiary_median,paid_per_beneficiary_count,n_unique_hcpcs_mean,n_unique_hcpcs_median,n_unique_hcpcs_count,n_servicing_npis_mean,n_servicing_npis_median,n_servicing_npis_count,n_years_active_mean,n_years_active_median,n_years_active_count,n_months_active_mean,n_months_active_median,n_months_active_count
0,1681988.200537296,47679.205,617034,28506.69766657915,1371.0,617034,77.04715436656976,36.325158451742155,617034,223.69861936697023,48.719685183820104,617034,9.24409351834745,3.0,617034,3.9765636901694235,1.0,617034,3.902509424116013,4.0,617034,32.47210202355138,22.0,617034
1,118803680.55880597,54909899.95,469,2635314.1236673775,1289318.0,469,47.52742927549342,41.83288811957194,469,66.57715554351935,51.19777854873157,469,295.3560767590618,261.0,469,879.6439232409382,696.0,469,6.778251599147121,7.0,469,80.3731343283582,84.0,469
