,ARI,NMI,n_hdbscan_clusters,n_noise
0,3.3517441925048433e-06,0.0008863010074993609,1233,106104
