{
  "ate": {
    "ate": 0.001928338965048745,
    "se": 0.000512856013374099,
    "ci_low": 0.000923141178835511,
    "ci_high": 0.0029335367512619793,
    "z_stat": 3.7600006917382722,
    "p_value": 0.0001699128871663902,
    "n_obs": 518826,
    "n_folds": 5
  },
  "ate_multiplicative_effect_pct": 0.19301994062923544,
  "n_observations": 518826,
  "n_providers": 262098,
  "n_covariates": 6,
  "cate_mean": -0.0002597220729617836,
  "cate_std": 0.014169826424000616
}