{
  "n_providers": 594234,
  "gpd_95th": {
    "shape_xi": 0.746911944132846,
    "scale_sigma": 7477037.230147468,
    "VaR_95": 5794961.848791309,
    "VaR_99": 29091051.107455812,
    "CVaR_95": 35338409.06220094,
    "CVaR_99": 127385776.4452458,
    "ks_p_value": 0.05716965984293254
  },
  "gpd_99th": {
    "shape_xi": 0.6039771845348654,
    "scale_sigma": 27930181.301094264,
    "VaR_99": 29700294.29950586
  },
  "heavy_tail": true,
  "tail_interpretation": "Heavy-tailed (Frechet-type)"
}