,threshold,threshold_quantile,n_total,n_exceedances,exceed_prob,shape_xi,scale_sigma,ks_statistic,ks_p_value,VaR_0.95,CVaR_0.95,VaR_0.99,CVaR_0.99,VaR_0.995,CVaR_0.995,return_10,return_50,return_100
0,5794886.352999994,0.95,594234,29712,0.050000504851624106,0.746911944132846,7477037.230147468,0.0077288311294928524,0.05716965984293254,5794961.848791309,35338409.06220094,29091051.107455812,127385776.4452458,51679594.22896514,216637491.79828507,1749423.9195890944,15631042.980372746,29091051.107455835
1,29697192.236300178,0.99,594234,5943,0.010001110673573036,0.6039771845348654,27930181.301094264,0.0069519438149582835,0.9342869232816383,948684.0907417089,27630829.358941533,29700294.29950586,100231722.75695184,53744080.38977321,160944856.3223187,-5035785.589419134,13880981.764502298,29700294.299505882
