cluster,total_paid,total_claims,avg_paid_per_claim,n_providers,n_years
0,0.0,112.5,0.0,1.0,2.0
1,1259049.26,8572.0,131.8742122015915,18.0,7.0
2,24003492.195,937313.5,28.907425930548797,647.0,7.0
3,15474.07,144.0,90.99846153846153,2.0,2.0
4,78932.18,13558.5,7.845810291381037,25.0,7.0
