,r2_log,r2_actual,mae_log,mae_actual,rmse_log,n_train,n_test
0,0.8319509207591386,0.2992424502130929,0.8020028695877564,1048393.2104617301,1.18097204881242,475387,118847
