{
  "file_size_gb": 10.32,
  "total_rows": 227083361,
  "total_chunks": 114,
  "columns": [
    "BILLING_PROVIDER_NPI_NUM",
    "SERVICING_PROVIDER_NPI_NUM",
    "HCPCS_CODE",
    "CLAIM_FROM_MONTH",
    "TOTAL_UNIQUE_BENEFICIARIES",
    "TOTAL_CLAIMS",
    "TOTAL_PAID"
  ],
  "null_counts": {
    "BILLING_PROVIDER_NPI_NUM": 0,
    "SERVICING_PROVIDER_NPI_NUM": 9490345,
    "HCPCS_CODE": 0,
    "CLAIM_FROM_MONTH": 0,
    "TOTAL_UNIQUE_BENEFICIARIES": 0,
    "TOTAL_CLAIMS": 0,
    "TOTAL_PAID": 0
  },
  "null_rates": {
    "BILLING_PROVIDER_NPI_NUM": 0.0,
    "SERVICING_PROVIDER_NPI_NUM": 4.1792,
    "HCPCS_CODE": 0.0,
    "CLAIM_FROM_MONTH": 0.0,
    "TOTAL_UNIQUE_BENEFICIARIES": 0.0,
    "TOTAL_CLAIMS": 0.0,
    "TOTAL_PAID": 0.0
  },
  "paid_stats": {
    "total": 1093562833512.4094,
    "mean": 4815.688955354194,
    "std": 91195.1192425156,
    "min": -183021.84,
    "max": 118887675.31,
    "negative_rows": 9239,
    "zero_rows": 35502216
  },
  "claims_stats": {
    "total": 18825564012,
    "min": 12,
    "max": 1607071
  },
  "beneficiary_stats": {
    "total": 11317957847,
    "min": 12,
    "max": 159423
  },
  "cardinality": {
    "billing_npi": 617503,
    "servicing_npi": 1627362,
    "hcpcs_codes": 10881,
    "months": 84
  },
  "date_range": {
    "min": "2018-01",
    "max": "2024-12",
    "months_covered": [
      "2018-01",
      "2018-02",
      "2018-03",
      "2018-04",
      "2018-05",
      "2018-06",
      "2018-07",
      "2018-08",
      "2018-09",
      "2018-10",
      "2018-11",
      "2018-12",
      "2019-01",
      "2019-02",
      "2019-03",
      "2019-04",
      "2019-05",
      "2019-06",
      "2019-07",
      "2019-08",
      "2019-09",
      "2019-10",
      "2019-11",
      "2019-12",
      "2020-01",
      "2020-02",
      "2020-03",
      "2020-04",
      "2020-05",
      "2020-06",
      "2020-07",
      "2020-08",
      "2020-09",
      "2020-10",
      "2020-11",
      "2020-12",
      "2021-01",
      "2021-02",
      "2021-03",
      "2021-04",
      "2021-05",
      "2021-06",
      "2021-07",
      "2021-08",
      "2021-09",
      "2021-10",
      "2021-11",
      "2021-12",
      "2022-01",
      "2022-02",
      "2022-03",
      "2022-04",
      "2022-05",
      "2022-06",
      "2022-07",
      "2022-08",
      "2022-09",
      "2022-10",
      "2022-11",
      "2022-12",
      "2023-01",
      "2023-02",
      "2023-03",
      "2023-04",
      "2023-05",
      "2023-06",
      "2023-07",
      "2023-08",
      "2023-09",
      "2023-10",
      "2023-11",
      "2023-12",
      "2024-01",
      "2024-02",
      "2024-03",
      "2024-04",
      "2024-05",
      "2024-06",
      "2024-07",
      "2024-08",
      "2024-09",
      "2024-10",
      "2024-11",
      "2024-12"
    ]
  },
  "npi_relationship": {
    "billing_equals_servicing": 69731487,
    "servicing_null": 9490345,
    "total_rows": 227083361
  },
  "top_20_hcpcs_by_spending": {
    "T1019": 122739547514.26,
    "T1015": 49152668633.450035,
    "T2016": 34904936746.47998,
    "99213": 33002827263.84,
    "S5125": 31342185586.04001,
    "99214": 29913857937.71001,
    "99284": 20151783534.430004,
    "H2016": 19747791724.790016,
    "99283": 16874996865.61,
    "H2015": 16470573872.770002,
    "99285": 15097200452.299997,
    "90837": 12067590643.090002,
    "S5102": 9340779714.300007,
    "90834": 8821622005.819998,
    "T2021": 8653524974.890001,
    "H2017": 8540416258.810002,
    "T1017": 8423668162.8099985,
    "T1020": 8212560786.119998,
    "90999": 7739248802.630004,
    "A0427": 7674558268.409999
  },
  "top_20_hcpcs_by_frequency": {
    "99213": 13566914,
    "99214": 11728025,
    "99284": 3980198,
    "99283": 3270001,
    "99285": 2901462,
    "36415": 2730219,
    "T1015": 2429393,
    "D0120": 2280791,
    "85025": 2259404,
    "90837": 1869501,
    "71045": 1858018,
    "99212": 1841599,
    "D1120": 1699599,
    "80053": 1664536,
    "D0220": 1658833,
    "93010": 1606947,
    "D1110": 1598227,
    "99203": 1543645,
    "99232": 1525745,
    "D0230": 1400453
  },
  "top_20_billing_npi_by_rows": {
    "1679525919": 383449,
    "1639138480": 341746,
    "1063525152": 222872,
    "1700828852": 210117,
    "1407897309": 209041,
    "1053688572": 207783,
    "1366479099": 196363,
    "1134152986": 177694,
    "1538151428": 170083,
    "1427271378": 161708,
    "1548343510": 161645,
    "1285016758": 158241,
    "1053353896": 151884,
    "1669499414": 144268,
    "1811062763": 144095,
    "1720220098": 142643,
    "1205822236": 142149,
    "1619105244": 141745,
    "1447281936": 141548,
    "1013374222": 140986
  },
  "monthly_spending": {
    "2018-01": 9232048522.37,
    "2018-02": 8420467832.359999,
    "2018-03": 9129935988.66,
    "2018-04": 8981173692.470001,
    "2018-05": 9384689427.05,
    "2018-06": 8607149265.449999,
    "2018-07": 8854594623.629988,
    "2018-08": 9492334835.450003,
    "2018-09": 8661621043.37,
    "2018-10": 9921379666.38,
    "2018-11": 9072923512.38,
    "2018-12": 8907431063.820002,
    "2019-01": 10529905105.900002,
    "2019-02": 9680573063.790003,
    "2019-03": 10638499933.199997,
    "2019-04": 10662800690.75,
    "2019-05": 10788430160.419994,
    "2019-06": 9722889154.489996,
    "2019-07": 10364775003.790003,
    "2019-08": 10628704037.169998,
    "2019-09": 10530148010.35,
    "2019-10": 11890862793.229998,
    "2019-11": 10694811682.100002,
    "2019-12": 10773796446.440002,
    "2020-01": 12417328718.269987,
    "2020-02": 11387443071.260004,
    "2020-03": 10327180044.76001,
    "2020-04": 8541553016.110001,
    "2020-05": 9276309404.63001,
    "2020-06": 10386347586.829998,
    "2020-07": 11043497587.590002,
    "2020-08": 10945591115.5,
    "2020-09": 11345841778.780003,
    "2020-10": 12256768912.53,
    "2020-11": 11824939391.279997,
    "2020-12": 12337430898.160007,
    "2021-01": 12594444977.409994,
    "2021-02": 11715579066.729994,
    "2021-03": 14136311330.650002,
    "2021-04": 13565862878.510002,
    "2021-05": 13208518113.690004,
    "2021-06": 13415399746.469986,
    "2021-07": 13562082770.469995,
    "2021-08": 14202719417.5,
    "2021-09": 14024666614.740007,
    "2021-10": 14165659978.039997,
    "2021-11": 13904172445.350006,
    "2021-12": 14062529938.429995,
    "2022-01": 14412456539.880001,
    "2022-02": 13250746218.499994,
    "2022-03": 15695994584.589996,
    "2022-04": 14609179171.900002,
    "2022-05": 14956401093.079994,
    "2022-06": 14650484215.68,
    "2022-07": 14067993433.62,
    "2022-08": 15825029409.53999,
    "2022-09": 15268172192.710005,
    "2022-10": 15854981611.139994,
    "2022-11": 15675981809.009998,
    "2022-12": 15297538611.299984,
    "2023-01": 16594310221.530012,
    "2023-02": 15394753399.569994,
    "2023-03": 17668427237.500004,
    "2023-04": 16091892914.07,
    "2023-05": 17280277362.92001,
    "2023-06": 16029192012.870007,
    "2023-07": 15725897305.95999,
    "2023-08": 17348504365.579998,
    "2023-09": 16361790144.500008,
    "2023-10": 17484140655.95001,
    "2023-11": 16663518408.74,
    "2023-12": 16152279164.089998,
    "2024-01": 17783239324.270008,
    "2024-02": 17169976799.300001,
    "2024-03": 17501161887.449997,
    "2024-04": 17396698624.100014,
    "2024-05": 17580257320.49001,
    "2024-06": 15770419278.259998,
    "2024-07": 16423060106.69,
    "2024-08": 16347006139.25,
    "2024-09": 15626350800.430002,
    "2024-10": 16310402111.530003,
    "2024-11": 12874830358.750002,
    "2024-12": 4199364318.950001
  },
  "monthly_claims": {
    "2018-01": 187217689,
    "2018-02": 171352502,
    "2018-03": 183682093,
    "2018-04": 179619696,
    "2018-05": 185076176,
    "2018-06": 164850507,
    "2018-07": 169724543,
    "2018-08": 186434915,
    "2018-09": 168487953,
    "2018-10": 198197925,
    "2018-11": 173605775,
    "2018-12": 166190908,
    "2019-01": 202463697,
    "2019-02": 187149977,
    "2019-03": 202656457,
    "2019-04": 204034522,
    "2019-05": 203400802,
    "2019-06": 179172702,