,tier,n_providers,pct_of_total,mean_risk_prob,median_spending,total_spending,mean_claims,mean_fraud_flags
0,1,382227,61.898808588784185,0.00017709442219205943,18826.36,36236293282.340004,2488.214634235677,0.12761003278156696
1,2,2682,0.43432987370101844,0.11147143203019927,12485.339999999998,251224688.26999998,1501.6726323639075,0.021252796420581657
2,3,10557,1.7096273216486397,0.21527069729896825,16413.8,1253946237.5600002,2078.8599033816427,0.04054182059297149
3,4,13829,2.2395032898625593,0.490262641309758,40849.36,2652540103.1800003,3212.6250632728324,0.10984163713934486
4,5,208208,33.7177309260036,0.9886361272422017,695264.1000000001,1053168829201.0602,85511.12250730039,0.6186745946361331
