,svc_group,n_providers,total_spending,median_spending,mean_spending
0,1,446674,502922159499.74,23335.789999999997,1125926.647845498
1,2,44193,61747123192.7,88673.74999999999,1397215.0157875682
2,3-5,44860,65322273927.33,180435.395,1456136.2890621936
3,6-10,25080,54023928757.54,436220.95999999996,2154064.14503748
4,11-50,29343,142449448367.73,1417938.37,4854631.372652081
5,50+,8149,217755710104.67,9453469.299999999,26721770.782264084
