,group_1,group_2,test_statistic,p_value
0,ALL,ALL,239341.23911378402,0.0
1,Small (<p50),Medium (p50-p90),168477.38262080256,0.0
2,Small (<p50),Large (p90-p99),85224.91142519492,0.0
3,Small (<p50),Mega (>p99),12145.526340514562,0.0
4,Medium (p50-p90),Large (p90-p99),12654.90795553447,0.0
5,Medium (p50-p90),Mega (>p99),2661.8950444591683,0.0
6,Large (p90-p99),Mega (>p99),438.3630732461049,2.458702927814367e-97
